Season,N,Mean Speed (m/s),Std Speed (m/s),Max Speed (m/s),Min Speed (m/s),Mean Direction (°),Prevailing Direction
Winter,6279,4.6942984551680205,2.7987383917843234,15.9,0.6,182.68297499601846,W
Spring,5145,4.8214188532555875,2.647785087838238,16.8,0.6,194.53856171039843,W
Summer,2729,3.4196775375595454,1.876572001449723,10.3,0.6,215.57588860388424,W
Autumn,2925,3.8430427350427356,2.28406204797671,15.6,0.6,156.79005128205128,E
