Season,N,Mean Speed (m/s),Std Speed (m/s),Max Speed (m/s),Min Speed (m/s),Mean Direction (°),Prevailing Direction
Winter,6279,4.69,2.799,15.9,0.6,182.68297499601846,W
Spring,5145,4.82,2.648,16.8,0.6,194.53856171039843,W
Summer,2729,3.42,1.877,10.3,0.6,215.57588860388424,W
Autumn,2925,3.84,2.284,15.6,0.6,156.79005128205128,E
